<?xml version="1.0" encoding="utf-8"?>
<!--Created using XmlSitemapGenerator.org - Free HTML, RSS and XML sitemap generator-->
<rss version="2.0">
  <channel>
    <title>Welcome To Netriches Aruba</title>
    <link>https://netrichesaruba.ga/</link>
    <description />
    <item>
      <guid>https://netrichesaruba.ga/</guid>
      <title>Welcome To Netriches Aruba</title>
      <link>https://netrichesaruba.ga/</link>
      <description>Netriches Aruba - We Specialise in Responsive Web Design, Web Optimisation and SEO Solutions. We are an Organic SEO Consultants based in Aruba.</description>
    </item>
    <item>
      <guid>https://netrichesaruba.ga/netriches-aruba-seo.html</guid>
      <title>Welcome To Netriches Aruba</title>
      <link>https://netrichesaruba.ga/netriches-aruba-seo.html</link>
      <description>Netriches Aruba - Website Design &amp; SEO Services. We Specialise in Responsive Web Design, Web Optimisation and SEO Solutions. </description>
    </item>
  </channel>
</rss>
<!--<guid value="" />-->
<!--Created using XmlSitemapGenerator.org - Free HTML, RSS and XML sitemap generator-->